{"ret":0.0618507112,"stdev":0.1042244551,"sharpe":0.593437607,"SCOTIAG":0.3214320307,"SVIVE20390":0.0903631744,"HSBC-80":0.1775934116,"FINDE1400":0.0215739925,"ACTIGOB401":0.2866736404,"AXESMP402":0.0061901148,"HSBC-70":0.0120632897,"HSBCMP405":0.0227704748,"SUR2042384":0.0586867802,"INVEXMP407":0.0026530909}