{"ret":0.0478998367,"stdev":0.06780543,"sharpe":0.7064306901,"SCOTIAG":0.1031387519,"SVIVE20390":0.0069248878,"HSBC-80":0.0275328927,"FINDE1400":0.2400151999,"ACTIGOB401":0.2645721066,"AXESMP402":0.033296952,"HSBC-70":0.0603823538,"HSBCMP405":0.0371321378,"SUR2042384":0.2186857,"INVEXMP407":0.0083190175}