{"ret":0.027120364,"stdev":0.0581423806,"sharpe":0.4664474299,"SCOTIAG":0.0217509587,"SVIVE20390":0.0591517347,"HSBC-80":0.2666492688,"FINDE1400":0.1401984824,"ACTIGOB401":0.0045848612,"AXESMP402":0.2209716378,"HSBC-70":0.057655904,"HSBCMP405":0.0564675577,"SUR2042384":0.1656353026,"INVEXMP407":0.0069342921}